id,sec,type,startPos,finishPos,status,sync,groupId
1,0,100,0,0,14,0,0
2,0,91,,,,0,0
3,3.428571,3,3,3,0,0,1
4,4.285714,3,5,5,0,0,1
5,5.142857,3,3,3,0,0,1
6,6.857143,3,3,3,0,0,2
7,7.714286,3,1,1,0,0,2
8,8.571429,3,3,3,0,0,2
9,10.285714,3,3,3,0,0,3
10,10.714286,3,3,3,0,0,3
11,11.142857,3,5,5,0,0,3
12,12,3,3,3,0,0,3
13,13.714286,3,3,3,0,0,4
14,14.142857,3,3,3,0,0,4
15,14.571429,3,1,1,0,0,4
16,15.428571,3,3,3,0,0,4
17,17.142857,92,,,,0,0
