id,sec,type,startPos,finishPos,status,sync,groupId
1,0,100,0,0,8,0,0
2,0,91,0,0,0,0,0
3,3.428571,2,4,4,0,0,0
4,5.142857,1,4,4,2,0,0
5,6.857143,2,2,2,0,0,0
6,8.571429,1,2,2,1,0,0
7,10.285714,2,5,5,0,0,0
8,12,1,5,5,1,0,0
9,13.714286,2,1,1,0,0,0
10,15.428571,1,1,1,2,0,0
11,17.142857,92,0,0,0,0,0
